{
    "metadata_version": 2.0,
    "releases_url": [
        "https://dateutil.github.io/tzdata/tzdata/",
        "ftp://ftp.iana.org/tz/releases/"
    ],
    "tzdata_file": "tzdata2016d.tar.gz",
    "tzdata_file_sha512": "f1beb1793c4c7d18f2dadaf4a928b1476f66b400bda0c87b06155c0dd1c4b4a26bb2f37dc17a3676a2bbe9c1e71a5d8b27a171c797a86464b0bc0d13abfb2f99",
    "tzversion": "2016d",
    "zonegroups": [
        "africa",
        "antarctica",
        "asia",
        "australasia",
        "europe",
        "northamerica",
        "southamerica",
        "pacificnew",
        "etcetera",
        "systemv",
        "factory",
        "backzone",
        "backward"
    ]
}